Abandoned,Adjoining,Actor
Abashed,Adorable,Advertisement
Aberrant,Afraid,Afternoon
Abiding,Aggravating,Airport
Abject,Agonizing,Ambulance
Ablaze,Agrarian,Animal
Abounding,Ahead,Answer
Abrasive,Alleged,Anvil
Abrupt,Alluring,Apple
Absent,Aloof,Aquarium
Absorbed,Amazing,Automobile
Absorbing,Ambiguous,Automobile
Abstracted,Ambitious,Balloon
Absurd,Amuck,Banana
Abundant,Amusing,Battery
Acceptable,Ancient,Beach
Accessible,Angry,Beard
Accidental,Animated,Bedframe
Accurate,Apathetic,Bottle
Acidic,Aquatic,Branch
Acoustic,Aromatic,Breakfast
Adamant,Aspiring,Broadband
Adaptable,Assertive,Brother
Addicted,Assorted,Bubble
Adhesive,Astonishing,Buccaneer
Adventurous,Attentive,Camera
Aggressive,Attractive,Candle
Agreeable,Audacious,Caravan
Ambidextrous,Auspicious,Carpet
Amused,Automatic,Cartoon
Annoyed,Available,Chamber
Annoying,Awake,Church
Anxious,Awesome,Company
Arrogant,Axiomatic,Container
Ashamed,Bad-Tempered,Crayon
Average,Belligerent,Crowd
Awful,Bonkers,Damsel
Bashful,Bossy,Daughter
Beautiful,Broad-Minded,Deadbeat
Better,Calming,Deadbolt
Bewildered,Careful,Death
Black,Careless,Diamond
Bland,Charismatic,Dinner
Bloody,Charming,Disease
Blue-eyed,Cheeky,Doctor
Blushing,Cheerful,Downpour
Bored,Communicative,Dream
Brainy,Compassionate,Dress
Brave,Confident,Dwelling
Breakable,Conscientious,Easter
Bright,Courageous,Eggplant
Calming,Courteous,Elephant
Cantankerous,Creative,Emperor
Careful,Demented,Energy
Cautious,Depressed,Engine
Charming,Desirable,Evening
Cheerful,Destructive,Family
Clean,Determined,Fastener
Clear,Different,Faucet
Clever,Difficult,Flagpole
Cloudy,Diplomatic,Flower
Clumsy,Disconcerted,Flowerpot
Colorful,Discreet,Football
Colorless,Disgusted,Footwear
Combative,Dishonest,Forest
Comfortable,Disobedient,Fountain
Concerned,Disorderly,Furniture
Condemned,Distinct,Garage
Confused,Distracted,Garden
Cooperative,Disturbed,Gasoline
Crazy,Dizzy,Ghost
Creepy,Domesticated,Giraffe
Crowded,Doubtful,Grass
Cruel,Dynamic,Guitar
Curious,Eager,Hairstyle
Dangerous,Easygoing,Hamburger
Decadent,Emotional,Helicopter
Defeated,Enabled,Helmet
Defiant,Energetic,Holiday
Delightful,Faithful,Honey
Elated,Fearless,Horse
Elegant,Fervent,Hospital
Embarrassed,Frank,House
Enchanting,Frustrating,Hydrogen
Encouraging,Generous,Iceland
Endless,Gentle,Individual
Energetic,Good-Tempered,Insect
Enthusiastic,Gregarious,Insurance
Envious,Hard-Working,Island
Excited,Heroic,Jackal
Expensive,Honest,Jelly
Exuberant,Horrified,Jewellery
Fair-Minded,Humble,Juice
Faithful,Humorous,Kangaroo
Famous,Hypocritical,Kitchen
Fancy,Imaginative,Kitten
Fantastic,Immaculate,Knife
Fierce,Impartial,Lawyer
Filthy,Impatient,Leather
Foolish,Infuriated,Library
Fragile,Insistent,Lighter
Frail,Intellectual,Lizard
Frantic,Intelligent,Machine
Friendly,Irritated,Magazine
Frightened,Irritating,Magician
Funny,Jealous,Market
Gentle,Kind-hearted,Marquee
Gifted,Lively,Match
Glamorous,Loving,Metal
Gleaming,Uncontrollable,Microphone
Glorious,Magnificent,Monkey
Gorgeous,Mean-Spirited,Morning
Graceful,Messy,Motorcycle
Grieving,Modest,Napkin
Grotesque,Naughty,Needle
Grumpy,Nervous,Night
Handsome,Obedient,Notebook
Happy,Optimistic,Ocean
Hardy,Ordinary,Orange
Healthy,Passionate,Oxygen
Helpful,Patient,Oyster
Helpless,Persistent,Painting
Hilarious,Pessimistic,Parrot
Inconceivable,Pestering,Pavilion
Insane,Placid,Pencil
Observant,Pleasant,Pergola
Ominous,Plucky,Piano
Overworked,Polite,Pillow
Painful,Popular,Pizza
Participating,Proud,Planet
Peaceful,Pugilistic,Plastic
Quaint,Rational,Potato
Relieved,Reliable,Queen
Repulsive,Reserved,Quill
Scary,Romantic,Rainbow
Selfish,Scared,Raincoat
Shiny,Self-Confident,Refrigerator
Silly,Self-Disciplined,Reindeer
Simple,Selfish,Restaurant
Sleepy,Sensible,River
Smiling,Sensitive,Rocket
Smoggy,Serious,Sandwich
Sparkling,Sincere,School
Splendid,Slothful,Schooner
Spotless,Smart,Scooter
Stormy,Sociable,Shampoo
Super,Straightforward,Soccer
Talented,Strange,Sovereign
Tasty,Striking,Spoon
Tender,Stubborn,Spotlight
Tense,Stunning,Steel
Terrible,Stupid,Stone
Thankful,Successful,Sugar
Thoughtful,Supportive,Sunglasses
Thoughtless,Talkative,Tariff
Tired,Thoughtful,Teacher
Tough,Timid,Telephone
Troubled,Uncomprimising,Television
Ugliest,Unfriendly,Tomato
Unhealthy,Unpleasant,Toothbrush
Unhelpful,Untidy,Traffic
Unhinged,Versatile,Train
Uninhibited,Vulgar,Truck
Uninterested,Warm-Hearted,Umbrella
Unreal,Watchful,Umpire
Unsightly,Wealthy,Vanguard
Unusual,Weary,Vapor
Upset,Wicked,Vegetable
Uptight,Wide-eyed,Vulture
Vicious,Witty,Whale
Victorious,Worried,Wildlife
Vigilant,Worrisome,Window
Vivacious,Wrong,Yacht
Wandering,Zealous,Youth
Wonderful,Tenacious,Zebra